{"cameraMode":{"drawMode":0,"name":"Shaded","section":"Shading Mode"},"sceneLighting":false,"audioPlay":false,"sceneViewState":{"showFog":true,"showMaterialUpdate":false,"showSkybox":false,"showFlares":true,"showImageEffects":true,"showParticleSystems":true,"showVisualEffectGraphs":true,"m_FxEnabled":true},"in2DMode":false,"pivot":{"x":115.57379913330078,"y":28.980424880981447,"z":-6.275562763214111},"rotation":{"x":0.022188205271959306,"y":0.0035953172482550146,"z":0.00007933506276458502,"w":-0.9997423887252808},"size":2.7639575004577638,"orthographic":false}